99035	Q8R197
224	B1ATI0
216	P24549
11816	A0A1B0GX15
6566	P53986
6536	E9Q036
6507	D3YY51
11754	A2A4I8
76507	A0A0N4SUP5
237940	A2A4I9
13081	Q3TP55
13115	O35084
231691	D3Z221
20887	D3Z2P8
217593	B6CI26
106557	Q8BVP2
16833	D3YVR7
54122	A0A140LHE8
16832	A0A0N4SVV8
16828	A0A1B0GQX5
80879	Q3TMA0
20503	O70451
20501	P53986
232156	D3YVG0
54403	A0A668KM61
18293	Q60597
13382	Q3TIE8
27402	A2AWH7
78920	A0A1Y7VN44
100417514	A0A1D5RMB0
26876	Q496S1
11522	E0CXV3
11529	Q3UMM7
11532	A0A0G2JDX2
76187	A0A087WS19
12846	O88587
72472	Q3U9N9
11670	B7ZN13
73458	A0A087WS45
621603	E9Q3E1
56847	Q3UIA4
67689	Q3TX25
15445	D3Z1U3
268860	F6RN86
70750	Q3TDR0
107766	A0A3Q4EBW1
52430	Q8R3H3
23923	Q3UNS8
70266	A2AQY9
13195	O35958
17161	Q3TPD9
109731	E9Q3X6
50799	Q8C140
78830	Q8BH59
246277	A0A2R8VHD3
14415	D3Z1L8
14417	P48320
14718	P05201
14719	P05202
212647	Q6P9Q7
17250	Q3UDM1
20859	P52843
629219	V9GWV0
434264	D3Z6M7
629203	D3Z1W5
434121	D3Z6M7
20509	P41438
11761	O54754
110877	Q8BKW3
214084	Q66L40
14275	A0A0R4J1Q2
14276	A0A1B0GQW7
17159	Q3TB95
239559	A0A2R8VI36
333424	Q14BT6
80908	Z4YLB0
215335	Q8K4D3
232333	P31648
243616	P31650
14412	P31649
14411	P31651
110446	Q3TQP7
231086	A0A0G2JER1
52538	Q3UKH3
97212	Q8BMS1
224530	Q8R4V3
110460	Q8CAY6
235674	Q8VCH0
100705	Q8R5C9
11416	Q3UWI3
68738	Q3TZ45
380660	Q14DH7
54342	A0A2I3BQE3
56174	D3YXG2
109785	Q3TFH8
327942	Q5SX19
217214	Q8R4H7
11423	A0A7G5X9Q6
20508	Q3TYJ1
104112	Q3TS02
94181	Q3TFB5
235504	Q8BN82
67311	Q9CPT3
11433	Q05117
66659	Q8BP40
66885	A0A140LHL4
11364	Q8BJT5
11409	Q07417
102632	A0A0R4J0I6
66948	A0A1L1SUG2
229211	Q8BTY0
56357	Q9JHI5
74156	A2RSC2
11430	A2A848
109652	A0A087WPV3
11429	A0A2R8VHM8
11428	P28271
93732	E9Q5T5
11431	Q4VAI2
56318	Q8CE08
57279	Q7TPW6
60525	Q8C141
78894	Q8K3J7
107626	A0A0R4J285
13106	A0A1B0GSV7
11486	P03958
13340	A0A494BAC3
11639	A2ARF5
11637	F7BP55
229949	A0A0G2JGN7
56248	F6RP11
11702	A0A1L1SV28
100041585	D3Z6H8
11512	A0A2I3BQ20
271639	A0A0A6YXI1
104111	B8JK56
11514	A0A2I3BQ46
210044	Q3V1Q3
11513	P51829
432530	O88444
104110	A0A2I3BPD6
11515	E9Q706
224129	P84309
63959	A8VP81
434203	E9PXX9
114304	D6RFS6
269346	C1PHX7
71279	Q99P65
53893	A2ATT5
12494	P56528
12895	Q3UIM5
78070	A0A1D5RLH1
12894	A8ASF5
12896	A2A8E7
23972	A0A494B923
23971	A0A0G2JFK8
11564	A0A0G2JFL8
231727	Q1RLK6
53625	G3UWI7
108902	Q8BWP8
210004	Q3U129
232984	A0A0U1RPU4
227327	A0A087WQY3
72297	Q3UNJ7
75986	Q8R0Z1
67512	Q059U0
102247	Q6PEU9
68262	Q8K4X7
28169	Q9D517
52123	Q9D1E8
55979	A0A0R4J263
67216	A0A1Y7VKU2
268782	B7ZP16
71760	E9PYH3
11611	O35423
15211	Q3THQ0
15212	Q3TXR9
67054	Q9DCL9
67863	Q5SX53
27376	Q9QZD8
114644	Q91Y63
77337	Q91WR5
83702	A0A1Y7VNR7
208665	Q8VCX1
20514	Q3UFR4
55963	Q3US35
53896	P63115
17254	P10852
11656	A2AFM0
26912	O88986
11655	A0A0R4J0X2
67760	Q8CFE6
11988	E9QJY0
56774	Q9JMA9
11987	Q3UTL4
105727	Q8K2P7
69354	Q9CVZ0
11989	P70423
74338	Q3TRY2
57394	Q9ESG4
70008	C7ECU2
76282	Q8QZR5
108682	Q8BGT5
209837	Q3U1J0
76257	Q9DCP2
225791	A0A494BB38
58810	Q3UJW9
11668	P24549
19378	Q62148
110695	E9Q1G1
56752	A7VL18
11671	B1ATI0
72535	Q9CZS1
11669	A0A0G2JF60
11684	A2CF85
11688	B1ASX6
11687	A2CF88
11689	Q810M3
110198	Q8CG76
11677	P45376
17117	O09174
67582	A0A0N4SUT5
109674	Q9DBT5
229665	A0A0G2JFD4
11717	A0A1L1SRX2
16790	A0A0U1RPR2
109959	P00688
11722	P00687
20532	O55093
30962	F7AUJ6
26459	Q4LDG0
242669	A2A821
330836	A0A1D5RMA4
11847	Q8R1Q7
11898	P16460
83885	Q99ML6
18408	Q543E2
11883	O54984
11886	Q3TWT5
54338	A2ANL1
20522	A0A494BAL1
66514	Q8C0M9
27053	Q3TIA9
69719	O88862
20513	A0A1W2P762
20510	Q6P1Z8
20512	D3YY51
20511	A2APL5
242607	Q7TQH6
12496	O55026
12495	D6RFA9
215446	Q8BFW6
12497	Q3U0P5
12499	Q9WUZ9
72090	A0A0A6YY80
11739	P48962
11740	P51881
73333	Q3V132
110173	A0A0R4J092
26879	Q920V1
54218	Q9Z0F0
93961	Q9JI67
108105	Q8BGY6
12012	Q91X34
110948	A0A2I3BPG4
22348	O35633
170442	Q924Y0
63857	Q9JJS6
71911	A0A338P6R2
64918	Q91WS4
12116	O35490
101488	Q8BZU3
12780	Q9JL42
76408	Q9CVX4
28253	A0A0N4SUN2
233016	A0A0U1RPU7
109778	A2ASB7
55981	Q9JJQ0
23827	A0A1B0GRV0
26363	A0A0R4J131
330064	Q3TY45
80721	Q99PL8
103149	Q3UEK4
73166	A0A494BBJ1
18194	Q3US15
15488	P51660
66234	Q9CRA4
320707	A2ALL9
11941	A0A8I4SZH4
67972	A0A1W2P6X7
381290	F6V4K0
12359	P24270
110893	Q3UTP5
20541	Q8BXB3
110891	Q8K596
109136	A0A1B0GSL6
14377	P35576
14378	Q9Z186
68401	Q6NSQ9
227231	Q8C196
12408	B2RXY7
52858	A0A0U1RNI6
74596	P98191
110911	H3BKR7
99712	A0A0A6YXR0
212862	F6X1K1
223753	D3Z254
68018	Q9EQG9
57738	Q8VEK9
12642	Q9Z0F5
12647	A0A2I3BPD4
237928	F6Y6Q2
13026	P49586
236899	Q811Q9
108096	Q99K89
20493	A0A8V5KH54
20494	P70172
27413	Q9JL39
218865	Q8BJ64
12651	O55229
12660	D6RG40
63993	Q3TPV0
20518	O70577
20520	Q3USA0
54200	A0A1B0GR49
59045	Q544C3
11303	Q8BPY1
81600	Q91XA9
67729	Q3TAH6
71884	B2RS82
20500	Q9ES88
13358	F6VVY4
12716	A2ARP5
76722	Q6P8J7
12709	Q04447
12715	A0A0J9YKD4
23985	Q9R155
171429	A0A087WS07
66586	A0A0C3SFZ5
24060	Q61420
12764	A0A0N4SW65
73132	D3YVC9
436059	F6Z9B9
230027	Q3TLJ6
217707	D6RG57
12850	A0A140LIF0
72077	Q5JCT0
14537	Q09324
218476	E9Q649
272411	Q3USF0
102857	B2LHN0
12908	H7BX88
30805	Q9Z306
12974	Q0QEL9
74114	Q9QZZ3
20539	Q3UG45
50934	Q9QXW9
12583	A0A3Q4EGC3
215113	Q5ND23
26570	Q8BYV9
72269	Q8R219
11628	E0CXQ9
80914	Q99KT8
22245	Q3V218
66588	D6RIL5
22169	Q3U5Q7
320127	D3Z519
217480	Q8BKY7
104418	Q05DE1
380921	A0A2I3BQ43
110197	F2Z409
227333	Q80Y60
13139	R4I3X7
56077	Q9R1C6
110524	Q8BK42
13142	A0A0G2JFX0
93692	A0A1Y7VM65
69367	A0A0A0MQ94
70503	A0A1L1SS55
13177	A0A3Q4EC00
23986	Q3TCD4
13178	Q80US6
13190	P29812
20249	P13516
56473	F2WWK5
76267	A0A494BAD7
13350	Q9Z2A7
67800	A0A140LHA9
27369	A0A0U1RPX3
20527	Q61607
20525	Q8BTM5
20528	A0A0G2JDD0
74754	Q8VCH6
13122	A1L3S6
13360	A0A140LI18
13244	F6S3U4
70059	A0A1Y7VIS8
20860	Q8JZX7
56749	D3YZY5
64705	F6ZLZ4
22240	Q3TAS8
12934	A0AAQ4VMY7
57274	O35308
110196	A0A0G2JDJ5
74129	Q5EBH4
67283	Q80XJ6
380959	A0A2R8VJX4
68563	Q9D1Q4
13481	E0CXW3
13480	A2BDX2
59012	Q9CXI3
13166	Q64237
22173	Q99NK7
20538	O55192
13162	Q61327
20519	A0A3B2W7B3
12183	P15327
18648	Q6NWV5
56012	Q5NCI4
192156	Q3UYC1
232449	A0A0N4SVB4
99586	Q8BW32
21877	A0A1S6GWJ3
57813	A0A1D5RLH9
110074	Q9CQ43
16434	Q60I30
13595	P70245
93747	Q8BH95
11992	A0A0R4J023
51798	O35459
74147	Q9R0Z4
26458	O35488
108115	Q8K078
58807	A0A0N4SUZ6
239273	E9Q236
108116	D3YUC4
110826	A0A0U1RNK9
110842	Q99LC5
66841	Q6PF96
75320	Q9D4V0
214253	A7MCT6
75540	G5E8F4
435766	Q5GIG6
74205	D3Z4I4
50790	Q9QUJ7
14081	A0A1B0GRS8
433256	A0A286YCF3
328845	Q2XU92
216739	B1ARG5
117147	Q91VA0
18605	A0A0R4J1Q7
209558	A0A1W2P6R0
83603	V9GXI2
170439	A0A0G2JGX5
68801	D3Z136
54326	A0A0R4J1P7
666168	A2A8S8
100040843	A2A8T1
13117	Q06772
435802	A0A087WS15
14104	A0A0U1RNJ1
26457	Q3TN26
26569	Q91VE0
26568	O88561
11674	A6ZI44
230163	Q3TJ66
11676	P05063
14121	P35846
270198	Q8BX50
18639	A2AFM8
170768	Q3UU45
18640	A0A087WRG0
14120	Q05685
14151	A0A494B9Y8
107747	Q8CIF2
73649	B2RVP1
234730	A0A1D5RMI1
71562	B1AQL0
13361	P00375
14287	P48760
56017	Q2TK25
20526	E9PXR7
435818	B1ARZ3
56485	Q9WV38
216188	Q8K009
270685	Q3V3R1
108156	A0A1W2P733
66848	Q505Q3
71665	Q3TCW3
14085	P35505
14194	H3BJV5
14343	O09160
14348	O88819
57370	A0A0A6YXE7
53418	B1ASJ2
14595	Q05CE5
56336	Q9JMK0
14571	A2AQR0
56454	D3Z0B4
100198	Q3TFM8
14381	A3KG36
14385	Q9Z295
14431	O35969
53897	Q9JHE4
19025	A2A5J8
12091	Q3TAW7
50917	Q571E4
18010	O35657
14420	P54818
14421	Q8VDF0
234356	Q8BJQ9
78752	Q8C1F4
74241	D6RFA4
269941	Q6ZQ11
78923	Q5DTK1
230145	A2ANU2
14423	E9PVK6
231605	A0A0G2JGP7
14426	O08832
171212	Q3TXV9
271786	A2RRI8
207839	Q8C7U7
78754	Q9D4M9
241391	Q14B51
108148	Q3UA32
108150	Q80VA0
71685	Q08EC9
231050	D3YUC2
14425	P70419
170441	A2A4V1
117592	Q91Z92
218271	D3Z065
232714	Q6XK23
14450	A0A338P676
11593	A0A1B0GRE4
14466	A0A0G2JDK2
227671	Q8VI38
104776	A0A1Y7VJ32
214579	B2RS41
434437	A2RSW6
104174	Q8BJQ7
68133	Q91WK5
14538	A2IQH4
228368	Q8BYD4
22122	P23591
14590	Q9Z0L8
110175	Q9D7X8
27357	K3W4S6
232493	Q8VCB3
14936	A0A1B0GR90
23887	A0A087WNR3
108037	Q9CZN7
20425	G3UZZ9
11605	A2BDV6
74185	G3UW30
110006	P12265
109685	D3YVY7
93683	Q9EPS3
100910	A0A0G2JFI5
14042	D6RE56
14043	Q8BUJ1
76898	Q5DTF9
280645	D3YY32
72727	A0A494B978
27419	O54752
64580	Q9EQW8
15531	Q3UHN9
83398	Q9EQH7
17423	P52850
54616	Q3UUW7
58193	K0J1C6
56219	Q0VAW4
117591	A0A5H1ZRL6
353169	B2RRB2
227659	A2AR27
20537	O70122
77559	E0CX86
110078	Q3TFQ8
19309	E9PUM3
110095	Q3TJQ7
14629	Q3TEF1
14630	F6VNW5
14661	F7CFA5
14317	Q91XD4
14660	D3Z7P3
216456	D6RI88
71803	Q9DB41
68267	A0A0J9YTY6
270076	A0A0A0MQ68
140919	A0A0R4J0A6
216227	Q3UE85
72961	Q8JZR7
15112	Q3UEE8
56185	Q3UNU6
67092	Q9D964
76238	B0R075
14933	Q64516
14626	Q9WU65
14651	D3YUX8
14664	E9Q036
110208	Q3UAG2
14711	Q5I0T9
14732	A0A494BA32
70325	Q8C398
241062	Q3UUQ7
67556	Q8C2R7
72084	Q99LV7
14782	Q3TWI5
21672	Q61171
18477	P35700
14776	A0A0R4J111
14775	A0A0A6YVV2
625249	Q3TI34
14778	A0A1C7ZMZ5
75512	Q91WR8
67305	Q3TNK3
11757	P20108
14854	A2AQN9
14598	D3YVX1
234889	F8VQK3
54195	O54865
230103	B1AWI7
245650	Q5SDA5
14917	Q61150
18160	P18293
14919	P52785
60596	A0A0A6YWB4
14544	A0A494B982
12352	P23589
56078	Q9QZA0
27392	A0A087WQ32
230801	Q7TPN3
99439	A2AQ92
214593	Q8BV64
11833	A0A0X1KG59
56703	A2AG36
18701	O09101
433931	D3Z3Y1
239827	Q8BTP0
329777	Q9CXY9
14731	E9Q4I5
228812	Q8K358
276846	Q3U643
78928	Q3U047
15108	A2AFQ2
15107	Q61425
15118	O08650
15116	Q05A37
15117	P70312
71883	Q66JT7
20535	A0A0R4J101
240215	A0A494BAI0
20533	Q3TA19
20536	Q68EG4
103988	Q6LE83
15277	E9Q9M6
15275	B4YB29
216019	Q91W97
212032	D3Z2E4
15233	O09173
58875	A0ZNJ2
15186	Q7TMW5
11944	F6S7B0
11945	P50992
70789	Q8R0F7
208715	A0A286YDE3
15360	P54869
15356	P38060
208982	Q8JZS7
15368	Q3U5U6
15369	Q3U6W4
56794	A0A2I3BRS0
52815	Q7TNG8
27029	Q9EQ08
15483	F2Z3U6
15484	P51661
15485	P51656
14979	A0A068BEQ2
15486	P51658
15490	O88736
15497	O35469
15492	P24815
15496	Q61694
15494	P26150
15493	P26149
15495	Q3UIU9
101502	D3Z3X1
57028	Q9JJ90
15929	P70404
170718	V9GXV0
67834	A0A1L1SQF9
15926	A0A087WNN7
269951	A0A0U1RP68
22018	G3UXW8
15932	P48441
12036	A0A1B0GX27
72401	Q8BSM7
56727	Q9QXN5
239606	A3KMF6
53881	Q3UMR9
319554	G3XA48
320581	Q8BFZ6
216225	Q8BYF6
56451	Q9WUM5
20917	C6EQH3
20916	Q9CTE2
20498	Q9QY65
20499	Q9WVL3
107723	Q6P6P5
57138	Q3TMR9
16548	Q9CPP1
236727	Q8BLV3
77031	A2A464
98256	Q3V0K6
226413	Q3TZ78
11432	A0A5F8MPS7
16816	Q792D1
171405	Q76M72
207151	Q8VCA0
236149	Q8VDE6
236293	A0JNU1
319800	Q810T7
434674	Q8BWE8
327951	Q5NCY3
64008	Q4FK77
106648	Q8VCA4
16987	F7BJL0
18783	P47713
19193	Q3UEJ8
16956	Q3U5U0
15450	P27656
12613	Q64285
116939	Q91WW7
23945	A0A0N4SUZ2
237625	Q6AXH0
79235	B2RUR5
235293	O88822
16993	P24527
17001	A0A1Y7VLL2
66447	Q9CPU4
211666	A0A0A6YWX7
14874	Q9JJA0
14387	A2AFL3
72039	Q3TVD9
78038	Q6PD20
56690	Q9QXE6
246221	Q99J99
17448	A0A0G2JF23
17449	A0A5F8MPN8
107029	Q3TSD4
17436	Q61829
109264	A0A140LHQ4
15930	D3YXV1
13095	Q64458
13076	Q05A20
13078	Q8BRY0
13077	B6VGH4
11720	A0A286YCQ9
108645	E0CYU5
232087	A0A0U1RPH4
238505	A0A1Y7VM88
17855	A0A0G2JDI0
16331	E9Q752
104015	A0A338P6C7
16332	A0A1B0GR64
170835	D3Z3P9
16330	A0A0A0MQG5
64436	F6X9A4
212111	Q7TNC9
16329	P49442
228550	Q8R071
233011	Q7TS72
320404	B2RXC2
71780	Q9JHU9
269180	A0A0A6YXS5
234515	Q1A6V0
76051	Q762C4
73724	A0A0U1RNJ6
17850	P16332
68393	D3YW64
233549	Q80W94
66902	Q9CQ65
17768	P18155
94192	Q9JJ06
11484	B0QZP3
71670	A0A494B9B0
17939	Q9QWR8
59033	Q8JZR6
94229	B1AWV9
114479	Q99PN0
11931	B0LAB6
232975	Q8CGD9
98660	D3YYN7
67821	Q99ME6
11933	P97370
11928	Q3TXF9
27222	Q9WV27
11932	I7HIF3
20544	Q99KF4
105243	Q9WUJ5
226999	Q9WUJ4
338403	Q3TMU4
66054	A0A494B9S3
20497	A0A1D5RLP7
238384	B2RQI4
94249	Q99PD7
214111	Q91WD8
76376	Q3UWW4
76025	Q8VCF1
66422	Q9QY93
67464	Q80WR8
100862375	Q80WR8
21915	Q6GRA7
79059	Q9CWA5
18103	B0LAA8
18102	Q5NC80
54369	A0A0G2JDJ4
171567	Q05BM9
56520	A0A494B9P5
58176	B7TVI1
19743	A0A3B2WBH6
20495	P55014
20496	Q3TP36
74080	A0A087WSM7
66454	B0QZL2
226518	A0A087WR71
59027	A0A1W2P8A9
18113	D3YX59
18948	P40935
18127	P60324
18125	S4R255
18126	P60322
667034	Q9D8C9
18950	P23492
20517	A0A3B2WB35
20445	Q9QZ39
50773	Q9JM14
18675	Q9ERK6
103850	Q8VCE6
23959	Q61503
69983	P31240
18416	P11725
67041	Q9CRF4
353371	Q9ESL0
13171	Q7TND9
12040	Q6P3A8
12039	A0A0U1RPK5
75475	Q3TYS9
18242	A0A1B0GS50
22247	P13439
13521	Q9CVN7
231583	Q3UPH6
13487	Q9WVC8
13070	A0A087WRA8
13072	P15539
110115	Q3TG86
13074	A0A494B9N2
13075	C3UPC8
56388	D3Z707
13113	Q3UW87
13114	Q2KHL4
337924	Q9EQW4
13112	Q3UEN8
100041449	A0A0G2JE14
622127	D3YYZ0
100041375	Q9JMA7
13079	A0A0R4J048
104086	Q99LX3
13086	P15392
13087	F7B9W9
72082	Q9D816
13097	P56655
13098	P56656
69888	D6RJ25
72303	Q148B1
56448	Q91W87
13107	P33267
56050	Q544S6
53973	Q9JMA7
13116	Q9WVK8
64385	A0A3Q4EC89
170716	Q99N19
72054	Q99N16
13123	Q3TA21
13124	O88962
209027	A2ABZ0
100163	D3Z3Q4
18475	A0A1L1SQ76
18476	D3Z2X5
18472	Q3TUH5
27226	E9Q4T5
73836	Q3TJQ2
11982	A0A140LHF0
18806	Q80ZW1
18805	D6RH77
266645	Q3TNK0
18563	A0A286YCC5
18670	Q3TN75
54611	B2RR84
18578	B1AWD1
18584	O88502
18574	Q01065
18583	P70453
110385	D3Z2G1
18575	Q64338
238871	O70286
18573	Q61481
18576	Q3UQ25
23984	B2LYU5
18577	O70285
207728	A0A1B0GRJ9
29863	Q9QXQ1
241489	P0C1Q2
218461	Q3UUK9
110855	Q91ZQ1
18585	A0A494B9U5
242202	Q8BJ62
225600	Q8C9G0
18587	Q6P6H9
78600	A0A0N4SVI4
18582	M0QWG6
18588	B3RFM9
18598	P35487
68263	Q9D051
235339	Q8BMF4
18597	P35486
103711	A2A6E7
11980	E9Q4J5
18534	Q8BSX3
74551	A0PJG3
80911	A0A0J9YVH1
68671	A2ABY3
18618	Q61907
236539	F6ZSB7
19215	O09114
54486	Q9JHF7
96979	A0A0A6YWP8
64292	Q3UDM3
19223	O35074
66461	Q3U926
74451	B9EKS7
19225	Q05769
19224	P22437
234724	D3Z307
18478	A0A1W2P781
16922	O35386
19211	Q3UUT8
20975	Q2VTA1
18720	D3YUY3
18717	F8WHW6
18719	P70181
84095	A0A494BBQ4
224020	A0A140T8I9
107650	Q6PB48
74769	Q3TNJ8
18708	P26450
18707	B0QZL5
18710	Q64143
18709	O08908
18706	D3YY41
23900	B7ZNZ7
30955	Q8C5Q7
320207	A1A4T4
320634	Q6NVF0
18795	Q9Z1B3
234779	Q8CIH5
269615	A2AP18
72469	Q8K2J0
114875	Q8K4D7
18802	Q8K3R3
18796	A3KGF7
18803	A2A4A6
74055	Q8K4S1
18799	Q8R3B1
18798	Q91UZ1
18797	P51432
227120	Q3USB7
433022	B2RXA1
269437	Q4KWH5
18711	D3Z5N5
108083	Q3UJ95
117150	Q91XU3
18718	F6RJE8
53357	P97819
18780	V5TDK8
66350	A0A0G2JH03
18784	Q6GTW1
26971	Q9QZT4
211429	P0C871
329502	Q50L42
18778	D3Z1N8
18782	Q9WVF6
26565	Q9QXX3
26970	Q9QUL3
68603	D3YXP6
271424	Q8BWD2
27399	Q6PD10
76500	Q80V72
74776	Q91VM9
50784	A0A1W2P7I9
19012	Q61469
67916	Q99JY8
19044	O55241
13861	Q3V1J3
11758	A0A0A6YXQ7
17523	A0A0A0MQL9
19125	A0A0R4J1T9
24059	Q3TED0
320951	A0A0G2JEL6
19210	A0A286YD63
27388	A0A1B0GRN3
171210	Q6P2K2
170789	G3UXJ8
171282	A0A1Y7VK62
19286	A0A1L1SRN0
20229	A2BES2
69215	Q3TTS0
216134	Q8K183
22271	Q5SUC8
76654	A0A2R8VHC9
14863	D3YX76
71336	Q8R1Q9
19682	D3YWG0
54150	O88451
216453	G5E8H9
103142	Q76LB8
19683	D6RFQ4
216454	Q5FW69
107605	Q8CGV4
98711	Q8VCH7
108841	Q8CEE7
77974	A0A0R4J1M3
17252	Q9R1R8
242285	Q7TQA3
105014	Q3UQM5
235033	Q9R092
69698	Q9D6X5
225994	A0A498WGT1
20443	Q3V2F4
20442	P54751
20444	D3Z3V2
338362	Q3TRA2
23908	E0CYX6
15931	F6X9C5
15476	D3YZM3
628779	D3YVV6
319415	Q8BSL4
195646	Q673U1
15478	Q8BKN6
54710	Q9QZS6
328779	Q5GFD5
72136	A2AQV2
58250	B7ZMT9
71797	D3Z6E3
59031	D3YUY0
11881	B2RWQ7
56773	Q9QUP4
54371	Q80WV3
26887	A0A1D5RMF5
76969	Q9EQC0
53374	O88199
60322	Q9EP78
50787	Q149R8
50785	Q9QYK5
50786	Q80UW0
75612	A0A1W2P6W9
30956	Q3UEQ9
69156	Q8BIG7
140483	A2AQK4
192166	A2AH52
81535	Q3U4P6
20322	Q64442
20280	P32020
20540	A0A0G2JE10
268656	O35704
20773	Q3UZQ0
228677	Q8BG54
13885	H3BJL6
20397	D3YY13
20454	A0A0R4J1J3
56632	A0A1B0GS43
20698	O88885
76668	Q5F204
58994	Q3US57
238011	A0A6I8MWV7
77626	A0A338P695
20597	Q04519
20598	D6RGM4
208449	A0A494BA77
208890	Q8R2Z3
320718	Q8BU91
224661	A0A3B2W7P2
268512	Q80ZD3
243755	Q5FWX9
20652	Q06EZ3
20657	O09164
20656	A0A3B2WBF0
20655	P08228
20751	G3UXX3
20603	A2AC81
20810	Q3UJL7
20775	Q3TQK8
14137	A0A286YD20
78925	A0A0R4J136
94224	Q99N99
11298	F2Z3V1
15567	Q5UBE7
20441	P97325
54613	A0A338P6H0
20446	C0J8I2
20447	A0A0G2JF56
50935	A0A0A6YW64
26938	Q6GTI0
20449	A1E2I1
225742	P70126
20905	A0AAA9WWD8
66945	A0A1Y7VJ55
66925	Q9CXV1
66052	D3Z1A8
67680	Q0QEZ4
211389	Q8R086
21366	O35316
13180	A0A1W2P7A4
18115	Q3TGH1
105663	Q8JZL3
20502	O70324
72962	Q9D6E8
192289	Q91ZE0
50493	A0A1W2P6U1
212974	E9QA85
58866	D6RI51
21990	P17532
216343	Q8CGV2
56720	C5NSA7
209176	B1AC39
55961	Q9JHI4
21391	F6SG79
21823	P24529
22178	A2ADJ6
50798	Q3TCI8
66248	D6RCG2
22232	A0A140LHN4
22235	Q3TI06
242585	A0A217FL58
67883	A0A0J9YUC7
18606	G3UXY9
58246	Q8CIA5
16770	A0A077S9Z6
22234	O88693
70484	Q762D5
394434	Q6XL46
394430	D3Z7G0
94284	D3YZE6
394432	D6RH94
394435	K9J7B2
394433	B2RT14
22236	P70691
394436	Q63886
243085	Q3UEI8
231396	B7ZP03
22238	Q8K169
112417	Q8VCN3
100559	Q91WH2
71773	Q8R084
100727	E9PZ30
68556	D6RJ84
22436	Q3TP30
102448	Q8R0U8
233781	F8VPK6
217119	Q9EPL0
67880	A2AC16
76429	A0A1B0GR58
67895	Q9D819
76055	Q9CU60
12870	G3UXD2
14325	A0A1B0GR60
14319	A0A494B9D4
67634	Q9D5H4
109754	F2Z456
72017	G3UXV8
320635	Q3KNK3
26462	A0A0M3HEP9
71743	Q9DBL7
76952	A0A494BAN2
230718	A3KFX0
107569	A0A0N4SVS9
70881	A0A1W2P6J4
15452	Q99KF5
11821	A0A1D5RM31
52633	A0A338P6Z4
18770	A7MCU9
207182	A2AQN2
71522	A7DTG9
18641	P12382
107869	Q8VCN5
14555	E0CXN5
69080	A0A087WPV7
331026	Q8BTZ7
12411	A0A494BB97
11647	B7XGA6
19895	P47968
66355	Q9DCZ1
105446	A0A2I3BQX8
107239	A0A494BBH6
229363	B2RRH9
70025	G8DXH6
19063	B1B0P8
171281	A0A1Y7VMZ4
54397	G5E8W7
111175	D6RHN4
26922	A2A845
11370	B1AR28
11363	A0A0R4J083
235582	A0A0R4J1H2
320208	D3Z7E7
223646	A0A2R8VHP2
67375	Q91X91
382985	Q6PEE3
20133	P07742
20135	D3Z0D8
15357	F2Z470
107885	A0A087WPE2
100039707	L7N466
211488	A0AA74KTB8
211347	Q3UWJ1
74450	V9GX56
75735	A0A494B9A0
269614	F7B6K4
67993	Q3UGL8
22117	Q545S0
227095	E0CX19
69051	Q3TJ21
22275	A0A0A0MQG7
13121	Q8K0C4
433323	Q810K3
20524	O70579
229782	A0A0G2JDH8
27409	E9QA91
67470	E9Q0P2
237831	Q67BT3
223920	F6SMH4
16889	Q3TEL5
76459	A0A0R4J0W4
12349	A0A0A6YX78
230099	A1ECK8
23831	D3Z4J8
12353	B1ARR4
12346	D3YYQ4
12351	Q3U3I1
12354	G3XA26
12319	P28651
71934	Q9D6N1
27416	Q9JL43
18173	A0A087WNR0
20504	Q61983
22782	Q60738
224674	Q8R070
11666	P48410
19299	P55096
217700	B2RTE4
67115	Q569Z0
94352	P58022
72562	A0A0R4J1R7
29859	Q8BQV8
67328	A0A077S9Z4
76113	A7M7R7
71147	Q148P2
234129	A0A1B0GS38
12799	P16330
107146	Q91XE0
13120	Q3TNA0
13088	G3X8Q9
13110	O54750
81906	Q6A152
74134	D3Z7F1
631304	B2RY43
17228	A4QPC5
109697	Q7TPZ8
232680	Q504N0
329093	D6RI56
74649	B2RQW9
17229	A0A3Q4L2Q9
100503895	A1Z090
11421	F6QCP8
16591	Q3UYK1
56386	Q3TPM8
22239	Q64676
18746	P52480
18704	Q3UWW7
240752	A0A6I8MWY4
18705	Q8C1V0
26378	A0A494B906
67460	Q4FJK0
109857	A0A338P797
28200	A0A2I3BPY3
320997	A0A494BAE0
13850	P34914
74302	Q80U24
77116	B8JJF6
14780	P21765
104245	Q761V0
218756	A0A286YCS4
233836	D3YW46
20515	Q61609
20516	Q80UP8
142681	Q80SU6
240332	Q6PGE7
15487	P70385
13167	D3Z563
26874	Q3UYE0
225579	E9Q9W4
94180	D3YZ56
102680	Q8VDB9
56643	Q14BA3
52466	Q6PEM8
12751	A0A1B0GRZ6
14080	P12710
66988	Q9CPY7
102570	Q6A4L0
18624	G3UXC5
18174	P49282
53945	Q9JHI9
11648	F8VQM0
17769	Q3V399
66194	Q9DCC4
66171	D3Z4X1
226844	B2RXV4
66646	A0A087WQM3
108114	A0A3B2WD85
18399	Q8VC69
19879	O88909
22598	O88576
234967	Q8CH36
12638	E9PVD7
243328	Q8R139
27404	Q8K440
26357	A0A0N4SWA2
11828	Q8R2N1
11832	Q5DX24
27410	Q3TN91
11304	Q3TLK5
109342	F6UXY4
230612	Q8VDT1
246787	Q923I7
241612	B9EJ03
52710	Q9D8F3
16523	P97794
20927	Q8BIU4
20928	E9PUE8
16514	A0A1C7CYV4
19662	A0A494B9P3
20897	A0A0R4J115
19659	F8VPQ2
19660	Q3UXZ9
20778	F7C5U2
237636	Z4YJC9
15446	Q8VCC1
74442	Q9D4B1
74182	A2AMD6
64602	Q8BWZ6
78801	Q9D2H2
11636	A0A0A6YXW8
11566	Q8C909
11565	J3QN31
114863	Q6P8V7
11846	Q61176
12892	P36552
51797	Q3TPP2
55936	A2AEQ5
14923	G3UYV3
110391	A0A0G2JGJ1
14593	A0A1Y7VJZ1
13806	P17182
13808	J3QPZ9
13807	A0A0N4SUI6
15203	A2AI62
319945	Q8R123
216558	Q3U548
14433	A0A0A0MQF6
14447	A0A0R4J0X7
14583	D3YYE0
14584	Q9Z2Z9
14645	P15105
266744	Q8CIX8
13479	A0A1D5RM32
218138	J3QMC6
14528	Q05915
12350	P16015
11826	Q02013
11829	A0A3Q4EI78
17339	P51180
11827	Q3UQD4
11830	A0A2R8VHL2
15288	A0A1L1SU93
12035	F6YUH3
23917	E0CXK0
23918	A0A0A6YXS4
12215	J3QP71
110119	F6Q3K8
665563	D3YZG8
192185	A2A9N8
110895	Q8BUE1
277973	B2RXE2
14751	A0A0U1RQ18
18655	B0LAA9
338366	A0A0A6YX61
18663	P09041
72157	A2CEK3
66681	A2CEK3
29858	A0A2R8W6J8
54128	Q545N8
17025	O89061
66812	A0A1L1SQ26
106564	Q8VDG5
56189	Q8VCZ9
246049	Q8BHK3
75456	Q32M04
19139	Q3TI27
110639	Q9CS42
107272	Q3U6K9
100678	A0A0J9YVH9
54391	Q8CFV9
21351	A0A1B0GR11
208967	Q8K395
21881	Q62371
74419	Q9D4D4
83553	D6REV0
29807	Q9R0M5
21991	H7BXC3
74246	B1AV53
107652	A0A0R4J085
227620	Q3TW96
22276	A0A1B0GR97
108052	Q3T9E7
27411	A0A494BAL3
104816	A0JNU3
107476	Q9ESZ5
78914	D3Z0K2
11534	A0A286YD38
69519	Q14BN8
75572	P56375
66204	E9QJT5
245847	F6UP77
108147	B0LAC5
109900	E0CY49
69634	Q8R4N0
67980	D6RCJ1
26384	A0A494B9X2
14635	Q80UL3
69976	Q8BMX0
14430	A0A8V5KX58
231327	Q3UGA8
68977	D3YUS7
15109	F8WH73
71761	Q9DBA8
109801	A0A494B970
55980	O55023
114663	Q91UZ5
53332	Q8C489
14913	P43081
18263	A0A1Y7VJC5
56421	Q8C605
18642	P47857
319848	Q5NCM1
105355	Q8VCY5
218103	Q5SZA1
20505	A0A286YCG7
20531	E9QAX5
237823	Q14BH5
257635	D3Z0F6
22171	A0A0G2JF03
243537	Q3UEL5
19703	A0A8Z1S8W2
320685	G3UYA2
116914	Q99KT3
269378	Q3TF14
229709	D3Z2Q0
55951	D3YWY6
70456	A0A0A6YY89
54670	A0A494B9Z8
54667	E9Q114
50770	D6RII8
320940	E9QKK8
18669	A0A0G2JF49
66834	Q4VA32
22227	P12242
329910	E0CXP8
74104	O70322
56315	B2RPX8
12491	A0A0G2JFB7
19765	A0A3B2W7A8
18104	Q542Y0
68312	D3YVP5
171168	Q8R4X1
66190	D3YTU8
230379	Q8VD53
19156	E9PZ00
14667	Q5F1Z8
230101	B1AWI3
23956	E9Q0P5
50877	A0ABA7IXD8
20452	A0A087WRA0
16890	Q7TQ54
16891	Q9WVG5
67758	Q99PG0
269060	S4R2M3
231871	Q91WC9
18947	P17892
69060	A0A494B914
66853	E9Q4A0
67717	Q9CPP7
18946	Q5BKQ4
14077	Q5EBJ0
14079	P55050
12140	E9Q0H6
16592	Q3TLH6
16204	P51162
11770	Q542H7
75497	Q9DAK4
21884	A0A0A6YXB9
20216	Q3UNX5
233799	Q8R1K7
272428	A0A140LI83
233801	Q80W40
67469	D3Z7K3
218121	Q8BH98
225010	B0V2Q7
64898	D6RH34
235044	A0A087WQF0
229791	A0A0G2JGY9
216152	E9PVZ4
64899	Q99PI4
14245	A0A1Y7VJ01
71910	A0A1B0GQW4
381925	A0A0U1RP67
28042	Q80TA1
18807	O35405
104759	Q8BG07
194908	Q5SWZ9
12038	Q499C7
69923	A0A0J9YU24
67260	H3BKZ9
71949	H3BJ49
76893	D3YTM0
545975	Q1A3B0
241447	H3BL08
93898	P27545
54447	A0A494B8X7
76485	A0A2I3BRI4
68273	Q91X88
66435	F6X3X7
67909	Q497P0
74782	F6U4D1
56375	Q3UW35
654821	F8WK01
16430	A0A1S6GWK0
320011	B0LAE5
330406	A0A1D5RMF7
108155	Q80XU6
26878	O54905
97884	A0A1Y7VK56
224143	Q8BLG5
68292	A0A0R4J0D3
14422	A2A615
268510	Q765H6
26877	O54904
171167	Q5F2L2
14347	Q11131
330671	A0A1B0GR40
381694	Q8BHT6
208211	Q921Q3
14345	Q11127
73068	B2RRR9
71103	Q2NKH9
67555	Q9D4R2
97440	F8WI62
56356	D3Z1H8
238023	F6UV46
74577	Q8VC60
20448	A0A0A6YVT0
241159	C5NTX9
14344	Q9JL27
71519	Q9CX98
69590	A0A338P7G6
71854	Q9DA79
319446	A0A2K6EDK8
56351	Q9R0Q7
67053	J3QMX0
224024	Q6W3E0
105349	Q8K023
98386	Q3U9G9
17919	Q6PER8
110611	A0A087WNQ4
18145	O35604
102294	B2RSR0
57357	F6WPW1
27400	Q9R092
56348	O70503
114664	Q9EQ06
54325	Q4V9V3
12686	A0A498WFQ4
74559	Q9D2Y9
57874	Q8K2C9
67044	Q9CQJ1
30963	A2AQ81
66775	A2AKM2
70757	Q9D3B1
106529	Q14C44
243078	F6V7S2
328035	Q80UG1
60527	Q3T9H9
66411	Q9D1E6
214663	Q8BL03
14187	P45377
215015	Q8VCS3
238024	Q8K274
74035	A0A0U1RPV7
63828	Q9ER35
75578	Q8BUS7
100503991	D3YTS9
235534	D3YUT4
101744	A0A140LHD2
331487	B1AVZ0
319518	D3Z443
18452	Q3UQ81
18451	E9Q7B0
320452	D6RFD3
67870	Q8BGB7
104923	Q99JT9
14204	A0A0R4J0C2
67712	Q920G8
246696	Q8R0Z5
54384	I6L9A6
75454	Q9DAK9
219135	Q8VE11
209039	A0A2R8VHQ0
103466	Q3UHB1
103199	Q91WF7
75769	A0A5F8MPS1
329506	Q8BG15
237523	Q8BY76
72102	A0A0J9YUX2
218232	C9K102
227721	Q91WB2
97287	A0A0N4SV39
66865	A2AIW9
101490	A0A0J9YU13
74411	Q9D4F2
83493	A0A5F8MPK9
67881	Q9D967
17330	Q8C9C2
217837	A0A087WNL3
227733	Q6U7H8
22262	A0A0G2JG44
241452	Q148Q4
20148	B1ARS9
791260	A1Y9I9
107585	K3W4Q2
13371	A0A8Z1S5Q0
13370	Q8C9B9
56362	Q9QWG7
69083	Q9D939
52064	Q9CXI0
69188	M4KB43
231051	F8WI37
233904	E9PYH6
20937	A2AC19
208266	E9Q6I8
75410	F6W623
107823	Q8BVE8
225888	Q3U8K7
192195	Q99MY8
214162	P55200
232811	Q6Q783
239122	B2RXP3
208043	Q8CFT2
84505	D3YYC3
73251	Q8VHL1
234135	D3Z197
64707	A0A0R4J074
18193	A0A286YE36
381022	A0A0A0MQ73
74729	Q80UJ9
77683	A0A0A6YWA0
235626	E9Q5F9
67956	A0A0G2JGZ8
69726	Q3TIF7
110147	A2CG77
69019	A0A2I3BQF0
66624	A0A140LHG8
76687	Q6ZWQ7
56529	D3YTS1
66286	A0A494BAT3
57170	F6QGX7
107895	Q8R4G6
67569	Q9D306
69675	Q80U60
227399	A0A087WPZ7
327655	B0R0E7
225913	A0A494BB96
70974	Q8CAA7
67935	Q6AW46
13909	G3UYS7
382053	Q63880
104158	Q8VCT4
109791	Q9CQC2
67473	Q8K0H1
380701	Q3V050
75750	Q9CXB2
20521	A0A0R4J1I9
235386	Q5U5V2
66065	Q4FZG0
71412	Q149L0
53415	Q3U816
234309	D3Z6C4
13016	A0A0J9YTW3
69772	G3UWD3
70061	Q8K3P0
74032	G3UXV3
80707	Q91WL8
67861	Q8R318
320981	D3YU63
72947	F8WHK6
76768	F8VPQ6
11650	Q7TPW4
330962	Q80WK2
106407	Q8R000
94215	Q80X89
72094	Q8BWQ1
269823	Q99JS7
22273	Q3THM1
66576	P99028
17711	A0A023J5X5
66152	Q5NCJ9
66594	Q3UJV6
67003	Q9DB77
66694	Q9CR68
66445	A0A2R8VHK1
22272	I7HPX6
67530	Q9CQB4
20523	Q8CJ23
22229	P56501
22228	P70406
74011	Q9CX10
66218	Q9EPK3
226646	A0A0A6YW30
227197	A0A087WQR0
67130	Q9CQZ5
66414	A0A0R4J275
66495	Q9CQZ6
68194	Q4VAE8
407785	A0A1Y7VM38
68197	A0A0U1RPJ5
66091	D3Z670
54405	O35683
75406	Q9DC70
225887	Q3UY05
230075	A2AP31
66377	Q9CQY9
67273	Q99LC3
595136	A0A1S6GWI4
68342	D3YUK4
17718	A0A023J5Y7
80286	Q8BTV1
68349	Q9DCT2
17722	A0A023J5Z3
17720	Q5MCM0
66416	A0A068BGR9
17995	D3YUM1
68202	D3YTQ8
17719	A0A023J5X7
17992	A0A0N4SVQ1
67184	Q9ERS2
67264	Q9D6J5
66108	A0A0R3P9C8
69875	A0A3B2W441
66046	D3YX99
17993	A0A338P7A0
66916	Q9CR61
17717	A0A023J5X8
17991	Q9CQ75
68375	A0A1S6GWI0
68198	Q9CPU2
17716	A0A023J5Z6
78330	Q91WP8
70316	F6ZFT1
72900	Q9D6J6
17721	Q37018
104130	O09111
12868	A0A494B971
12866	P48771
12859	A0A0A6YVR0
12857	A2RSV8
75483	A6H666
20463	E9PZS8
12867	B8JJA9
17708	A0A023J612
66142	P56393
12862	P43023
12864	A0A0G2JDA6
17709	A0A023J5Y1
12858	P12787
333182	Q059Q8
17710	A0A023J622
78174	Q9D2H1
12865	A0A140LIU4
110323	P56391
84682	Q91W29
12861	P43024
268756	Q8JZZ1
58865	Q8K3F7
11950	Q9CQQ7
11951	Q9CR84
11957	P97450
11958	Q06185
18195	G3UX86
27425	Q9CPQ8
57423	P56135
71679	Q9DCX2
228033	P56384
67942	P56383
11946	Q03265
11947	P56480
11949	Q91VR2
66043	Q4FK74
67126	G8DXR6
68055	Q9CRA7
28080	Q3TF25
26464	Q2T9H5
22361	Q3UEK0
225326	D3YZ98
67292	Q3TDK1
56176	B8JK66
110417	Q5M9N4
18700	A2AIH5
14755	Q3TF56
140494	Q920R6
114143	A0A0A0MQI2
11984	P63082
11974	A0A494BAP5
242341	B1AWC2
11972	Q921S5
11975	Q9Z1G4
27060	D6RFN1
21871	A0A0G2JG81
73834	P57746
66144	A0A0N4SVE1
11973	A0A0N4SW07
68775	A0A1Y7VLG0
11964	D3YZ23
108664	A0A0A6YVU0
66290	Q3U7E0
11966	B0LAC8
338375	Q8BMC1
110935	A0A0U1RNU9
74915	Q9D593
66237	B0V2H4
66335	A0A2I3BQD9
